state_label,soc,temperature_c,v_rc,raw_action,requested_current_a,safe_ceiling_a,applied_current_a,ceiling_active,intervention,next_soc,next_temp_c,q_gen_w,reward
low_soc_low_temp,0.15,20.0,0.0,-1.0,0.0,160.0,0.0,False,none,0.15,20.0009,0.0,-0.05
low_soc_low_temp,0.15,20.0,0.0,-0.5,40.0,160.0,40.0,False,none,0.150092,20.0011,54.4,0.041827
low_soc_low_temp,0.15,20.0,0.0,0.0,80.0,160.0,80.0,False,none,0.150184,20.0017,217.6,0.133655
low_soc_low_temp,0.15,20.0,0.0,0.5,120.0,160.0,120.0,False,none,0.150275,20.0027,489.6,0.225482
low_soc_low_temp,0.15,20.0,0.0,1.0,160.0,160.0,160.0,False,none,0.150367,20.0041,870.4,0.317309
low_soc_mid_temp,0.15,30.0,0.5,-1.0,0.0,160.0,0.0,False,none,0.15,29.9991,20.0,-0.05
low_soc_mid_temp,0.15,30.0,0.5,-0.5,40.0,160.0,40.0,False,none,0.150092,29.9993,74.4,0.041827
low_soc_mid_temp,0.15,30.0,0.5,0.0,80.0,160.0,80.0,False,none,0.150184,30.0,237.6,0.133655
low_soc_mid_temp,0.15,30.0,0.5,0.5,120.0,160.0,120.0,False,none,0.150275,30.001,509.6,0.225482
low_soc_mid_temp,0.15,30.0,0.5,1.0,160.0,160.0,160.0,False,none,0.150367,30.0024,890.4,0.317309
mid_soc_low_temp,0.5,20.0,1.0,-1.0,0.0,160.0,0.0,False,none,0.5,20.0012,80.0,-0.05
mid_soc_low_temp,0.5,20.0,1.0,-0.5,40.0,160.0,40.0,False,none,0.500092,20.0014,134.4,0.041827
mid_soc_low_temp,0.5,20.0,1.0,0.0,80.0,160.0,80.0,False,none,0.500184,20.002,297.6,0.133655
mid_soc_low_temp,0.5,20.0,1.0,0.5,120.0,160.0,120.0,False,none,0.500275,20.003,569.6,0.225482
mid_soc_low_temp,0.5,20.0,1.0,1.0,160.0,160.0,160.0,False,none,0.500367,20.0044,950.4,0.317309
mid_soc_mid_temp,0.5,30.0,1.5,-1.0,0.0,160.0,0.0,False,none,0.5,29.9997,180.0,-0.05
mid_soc_mid_temp,0.5,30.0,1.5,-0.5,40.0,160.0,40.0,False,none,0.500092,29.9999,234.4,0.041827
mid_soc_mid_temp,0.5,30.0,1.5,0.0,80.0,160.0,80.0,False,none,0.500184,30.0005,397.6,0.133655
mid_soc_mid_temp,0.5,30.0,1.5,0.5,120.0,160.0,120.0,False,none,0.500275,30.0016,669.6,0.225482
mid_soc_mid_temp,0.5,30.0,1.5,1.0,160.0,160.0,160.0,False,none,0.500367,30.003,1050.4,0.317309
mid_soc_high_temp,0.5,47.0,2.0,-1.0,0.0,128.0,0.0,True,none,0.5,46.9971,320.0,-0.399856
mid_soc_high_temp,0.5,47.0,2.0,-0.5,40.0,128.0,40.0,True,none,0.500092,46.9973,374.4,-0.308038
mid_soc_high_temp,0.5,47.0,2.0,0.0,80.0,128.0,80.0,True,none,0.500184,46.9979,537.6,-0.216241
mid_soc_high_temp,0.5,47.0,2.0,0.5,120.0,128.0,120.0,True,none,0.500275,46.9989,809.6,-0.124464
mid_soc_high_temp,0.5,47.0,2.0,1.0,160.0,128.0,128.0,True,temperature,0.500294,46.9992,877.056,-1.506111
high_soc_low_temp,0.85,20.0,1.0,-1.0,0.0,160.0,0.0,False,none,0.85,20.0012,80.0,-0.05
high_soc_low_temp,0.85,20.0,1.0,-0.5,40.0,160.0,40.0,False,none,0.850092,20.0014,134.4,0.041827
high_soc_low_temp,0.85,20.0,1.0,0.0,80.0,160.0,80.0,False,none,0.850184,20.002,297.6,0.133655
high_soc_low_temp,0.85,20.0,1.0,0.5,120.0,160.0,120.0,False,none,0.850275,20.003,569.6,0.225482
high_soc_low_temp,0.85,20.0,1.0,1.0,160.0,160.0,160.0,False,none,0.850367,20.0044,950.4,0.317309
high_soc_mid_temp,0.85,30.0,1.5,-1.0,0.0,160.0,0.0,False,none,0.85,29.9997,180.0,-0.05
high_soc_mid_temp,0.85,30.0,1.5,-0.5,40.0,160.0,40.0,False,none,0.850092,29.9999,234.4,0.041827
high_soc_mid_temp,0.85,30.0,1.5,0.0,80.0,160.0,80.0,False,none,0.850184,30.0005,397.6,0.133655
high_soc_mid_temp,0.85,30.0,1.5,0.5,120.0,160.0,120.0,False,none,0.850275,30.0016,669.6,0.225482
high_soc_mid_temp,0.85,30.0,1.5,1.0,160.0,160.0,160.0,False,none,0.850367,30.003,1050.4,0.317309
taper_zone,0.92,25.0,1.0,-1.0,0.0,128.0,0.0,True,none,0.92,25.0003,80.0,-0.05
taper_zone,0.92,25.0,1.0,-0.5,40.0,128.0,40.0,True,none,0.920092,25.0005,134.4,0.041827
taper_zone,0.92,25.0,1.0,0.0,80.0,128.0,80.0,True,none,0.920184,25.0011,297.6,0.133655
taper_zone,0.92,25.0,1.0,0.5,120.0,128.0,120.0,True,none,0.920275,25.0021,569.6,0.225482
taper_zone,0.92,25.0,1.0,1.0,160.0,128.0,128.0,True,soc_taper,0.920294,25.0024,637.056,-1.156152
deep_taper,0.96,25.0,0.5,-1.0,0.0,64.0,0.0,True,none,0.96,25.0001,20.0,-0.05
deep_taper,0.96,25.0,0.5,-0.5,40.0,64.0,40.0,True,none,0.960092,25.0003,74.4,0.041827
deep_taper,0.96,25.0,0.5,0.0,80.0,64.0,64.0,True,soc_taper,0.960147,25.0006,159.264,-1.103076
deep_taper,0.96,25.0,0.5,0.5,120.0,64.0,64.0,True,soc_taper,0.960147,25.0006,159.264,-2.93641
deep_taper,0.96,25.0,0.5,1.0,160.0,64.0,64.0,True,soc_taper,0.960147,25.0006,159.264,-4.103076
high_temp_derate,0.5,52.0,2.0,-1.0,0.0,48.0,0.0,True,none,0.5,51.9962,320.0,-0.649809
high_temp_derate,0.5,52.0,2.0,-0.5,40.0,48.0,40.0,True,none,0.500092,51.9964,374.4,-0.557992
high_temp_derate,0.5,52.0,2.0,0.0,80.0,48.0,48.0,True,temperature,0.50011,51.9965,398.336,-2.939631
high_temp_derate,0.5,52.0,2.0,0.5,120.0,48.0,48.0,True,temperature,0.50011,51.9965,398.336,-4.439631
high_temp_derate,0.5,52.0,2.0,1.0,160.0,48.0,48.0,True,temperature,0.50011,51.9965,398.336,-5.439631
both_active,0.93,48.0,1.5,-1.0,0.0,112.0,0.0,True,none,0.93,47.9964,180.0,-0.44982
both_active,0.93,48.0,1.5,-0.5,40.0,112.0,40.0,True,none,0.930092,47.9966,234.4,-0.358003
both_active,0.93,48.0,1.5,0.0,80.0,112.0,80.0,True,none,0.930184,47.9972,397.6,-0.266206
both_active,0.93,48.0,1.5,0.5,120.0,112.0,112.0,True,soc_taper,0.930257,47.998,606.496,-0.626116
both_active,0.93,48.0,1.5,1.0,160.0,112.0,112.0,True,soc_taper,0.930257,47.998,606.496,-2.292783
