candidate,temperature_c,current_a,total_reward,progress_reward,thermal_penalty,time_penalty,smoothness_penalty,safety_penalty
ExpC_Baseline,33.0,120.0,-0.05,0.0,0.0,0.05,0.0,0.0
ExpC_Baseline,33.0,140.0,-0.05,0.0,0.0,0.05,0.0,0.0
ExpC_Baseline,33.0,160.0,-0.05,0.0,0.0,0.05,0.0,0.0
ExpC_Baseline,34.0,120.0,-0.052549361836843514,0.0,0.0,0.05,0.0,0.0
ExpC_Baseline,34.0,140.0,-0.05346994968008532,0.0,0.0,0.05,0.0,0.0
ExpC_Baseline,34.0,160.0,-0.05453216642228739,0.0,0.0,0.05,0.0,0.0
ExpC_Baseline,35.0,120.0,-0.06019744734737403,0.0,0.0,0.05,0.0,0.0
ExpC_Baseline,35.0,140.0,-0.06387979872034125,0.0,0.0,0.05,0.0,0.0
ExpC_Baseline,35.0,160.0,-0.06812866568914956,0.0,0.0,0.05,0.0,0.0
ExpC_Baseline,36.0,120.0,-0.07294425653159158,0.0,0.0,0.05,0.0,0.0
ExpC_Baseline,36.0,140.0,-0.0812295471207678,0.0,0.0,0.05,0.0,0.0
ExpC_Baseline,36.0,160.0,-0.09078949780058651,0.0,0.0,0.05,0.0,0.0
ExpC_Baseline,38.0,120.0,-0.1137340459210877,0.0,0.0,0.05,0.0,0.0
ExpC_Baseline,38.0,140.0,-0.13674874200213277,0.0,0.0,0.05,0.0,0.0
ExpC_Baseline,38.0,160.0,-0.16330416055718475,0.0,0.0,0.05,0.0,0.0
ExpC_Baseline,40.0,120.0,-0.1749187300053319,0.0,0.0,0.05,0.0,0.0
ExpC_Baseline,40.0,140.0,-0.22002753432418026,0.0,0.0,0.05,0.0,0.0
ExpC_Baseline,40.0,160.0,-0.27207615469208213,0.0,0.0,0.05,0.0,0.0
ExpC_Baseline,42.0,120.0,-0.3564983087843242,0.0,0.0,0.05,0.0,0.0
ExpC_Baseline,42.0,140.0,-0.43106592408691025,0.0,0.0,0.05,0.0,0.0
ExpC_Baseline,42.0,160.0,-0.5171054802052786,0.0,0.0,0.05,0.0,0.0
ExpC_Baseline,45.0,120.0,-0.6671081045054652,0.0,0.0,0.05,0.0,0.0
ExpC_Baseline,45.0,140.0,-0.7996727539322848,0.0,0.0,0.05,0.0,0.0
ExpC_Baseline,45.0,160.0,-0.9526319648093842,0.0,0.0,0.05,0.0,0.0
Candidate_A1,33.0,120.0,-0.05,0.0,0.0,0.05,0.0,0.0
Candidate_A1,33.0,140.0,-0.05,0.0,0.0,0.05,0.0,0.0
Candidate_A1,33.0,160.0,-0.05,0.0,0.0,0.05,0.0,0.0
Candidate_A1,34.0,120.0,-0.05,0.0,0.0,0.05,0.0,0.0
Candidate_A1,34.0,140.0,-0.05,0.0,0.0,0.05,0.0,0.0
Candidate_A1,34.0,160.0,-0.05,0.0,0.0,0.05,0.0,0.0
Candidate_A1,35.0,120.0,-0.05,0.0,0.0,0.05,0.0,0.0
Candidate_A1,35.0,140.0,-0.05,0.0,0.0,0.05,0.0,0.0
Candidate_A1,35.0,160.0,-0.05,0.0,0.0,0.05,0.0,0.0
Candidate_A1,36.0,120.0,-0.05257060651881721,0.0,0.0,0.05,0.0,0.0
Candidate_A1,36.0,140.0,-0.053498865927419356,0.0,0.0,0.05,0.0,0.0
Candidate_A1,36.0,160.0,-0.05456993447580646,0.0,0.0,0.05,0.0,0.0
Candidate_A1,38.0,120.0,-0.07313545866935484,0.0,0.0,0.05,0.0,0.0
Candidate_A1,38.0,140.0,-0.0814897933467742,0.0,0.0,0.05,0.0,0.0
Candidate_A1,38.0,160.0,-0.09112941028225807,0.0,0.0,0.05,0.0,0.0
Candidate_A1,40.0,120.0,-0.1142651629704301,0.0,0.0,0.05,0.0,0.0
Candidate_A1,40.0,140.0,-0.1374716481854839,0.0,0.0,0.05,0.0,0.0
Candidate_A1,40.0,160.0,-0.1642483618951613,0.0,0.0,0.05,0.0,0.0
Candidate_A1,42.0,120.0,-0.275959719422043,0.0,0.0,0.05,0.0,0.0
Candidate_A1,42.0,140.0,-0.3214444304435484,0.0,0.0,0.05,0.0,0.0
Candidate_A1,42.0,160.0,-0.3739267893145161,0.0,0.0,0.05,0.0,0.0
Candidate_A1,45.0,120.0,-0.5570606518817204,0.0,0.0,0.05,0.0,0.0
Candidate_A1,45.0,140.0,-0.6498865927419355,0.0,0.0,0.05,0.0,0.0
Candidate_A1,45.0,160.0,-0.7569934475806452,0.0,0.0,0.05,0.0,0.0
Candidate_A2,33.0,120.0,-0.05,0.0,0.0,0.05,0.0,0.0
Candidate_A2,33.0,140.0,-0.05,0.0,0.0,0.05,0.0,0.0
Candidate_A2,33.0,160.0,-0.05,0.0,0.0,0.05,0.0,0.0
Candidate_A2,34.0,120.0,-0.05,0.0,0.0,0.05,0.0,0.0
Candidate_A2,34.0,140.0,-0.05,0.0,0.0,0.05,0.0,0.0
Candidate_A2,34.0,160.0,-0.05,0.0,0.0,0.05,0.0,0.0
Candidate_A2,35.0,120.0,-0.05,0.0,0.0,0.05,0.0,0.0
Candidate_A2,35.0,140.0,-0.05,0.0,0.0,0.05,0.0,0.0
Candidate_A2,35.0,160.0,-0.05,0.0,0.0,0.05,0.0,0.0
Candidate_A2,36.0,120.0,-0.05,0.0,0.0,0.05,0.0,0.0
Candidate_A2,36.0,140.0,-0.05,0.0,0.0,0.05,0.0,0.0
Candidate_A2,36.0,160.0,-0.05,0.0,0.0,0.05,0.0,0.0
Candidate_A2,38.0,120.0,-0.06367192386739344,0.0,0.0,0.05,0.0,0.0
Candidate_A2,38.0,140.0,-0.06860892681619159,0.0,0.0,0.05,0.0,0.0
Candidate_A2,38.0,160.0,-0.07430546868018945,0.0,0.0,0.05,0.0,0.0
Candidate_A2,40.0,120.0,-0.10468769546957375,0.0,0.0,0.05,0.0,0.0
Candidate_A2,40.0,140.0,-0.12443570726476634,0.0,0.0,0.05,0.0,0.0
Candidate_A2,40.0,160.0,-0.14722187472075776,0.0,0.0,0.05,0.0,0.0
Candidate_A2,42.0,120.0,-0.273047314806541,0.0,0.0,0.05,0.0,0.0
Candidate_A2,42.0,140.0,-0.3174803413457243,0.0,0.0,0.05,0.0,0.0
Candidate_A2,42.0,160.0,-0.3687492181217049,0.0,0.0,0.05,0.0,0.0
Candidate_A2,45.0,120.0,-0.5768564583147171,0.0,0.0,0.05,0.0,0.0
Candidate_A2,45.0,140.0,-0.6768307680278796,0.0,0.0,0.05,0.0,0.0
Candidate_A2,45.0,160.0,-0.792185740773836,0.0,0.0,0.05,0.0,0.0
Candidate_A3,33.0,120.0,-0.08,0.0,0.0,0.08,0.0,0.0
Candidate_A3,33.0,140.0,-0.08,0.0,0.0,0.08,0.0,0.0
Candidate_A3,33.0,160.0,-0.08,0.0,0.0,0.08,0.0,0.0
Candidate_A3,34.0,120.0,-0.08,0.0,0.0,0.08,0.0,0.0
Candidate_A3,34.0,140.0,-0.08,0.0,0.0,0.08,0.0,0.0
Candidate_A3,34.0,160.0,-0.08,0.0,0.0,0.08,0.0,0.0
Candidate_A3,35.0,120.0,-0.08,0.0,0.0,0.08,0.0,0.0
Candidate_A3,35.0,140.0,-0.08,0.0,0.0,0.08,0.0,0.0
Candidate_A3,35.0,160.0,-0.08,0.0,0.0,0.08,0.0,0.0
Candidate_A3,36.0,120.0,-0.08308472782258065,0.0,0.0,0.08,0.0,0.0
Candidate_A3,36.0,140.0,-0.08419863911290323,0.0,0.0,0.08,0.0,0.0
Candidate_A3,36.0,160.0,-0.08548392137096775,0.0,0.0,0.08,0.0,0.0
Candidate_A3,38.0,120.0,-0.10776255040322581,0.0,0.0,0.08,0.0,0.0
Candidate_A3,38.0,140.0,-0.11778775201612904,0.0,0.0,0.08,0.0,0.0
Candidate_A3,38.0,160.0,-0.12935529233870968,0.0,0.0,0.08,0.0,0.0
Candidate_A3,40.0,120.0,-0.15711819556451612,0.0,0.0,0.08,0.0,0.0
Candidate_A3,40.0,140.0,-0.18496597782258067,0.0,0.0,0.08,0.0,0.0
Candidate_A3,40.0,160.0,-0.21709803427419355,0.0,0.0,0.08,0.0,0.0
Candidate_A3,42.0,120.0,-0.33115166330645157,0.0,0.0,0.08,0.0,0.0
Candidate_A3,42.0,140.0,-0.38573331653225806,0.0,0.0,0.08,0.0,0.0
Candidate_A3,42.0,160.0,-0.4487121471774193,0.0,0.0,0.08,0.0,0.0
Candidate_A3,45.0,120.0,-0.6384727822580645,0.0,0.0,0.08,0.0,0.0
Candidate_A3,45.0,140.0,-0.7498639112903227,0.0,0.0,0.08,0.0,0.0
Candidate_A3,45.0,160.0,-0.8783921370967742,0.0,0.0,0.08,0.0,0.0
