time/fps,time/total_timesteps,time/time_elapsed,rollout/ep_len_mean,rollout/ep_rew_mean,time/iterations,train/value_loss,train/n_updates,train/std,train/policy_gradient_loss,train/entropy_loss,train/clip_fraction,train/explained_variance,train/clip_range,train/loss,train/approx_kl,train/learning_rate,seed,candidate,sanity_check_wh_per_km,sanity_check_regen_pct
2306,2048,0,1799.0,-73.2147,1,,,,,,,,,,,,7,Cand_B3_100k,128.5275,99.9625
1650,4096,2,1799.0,-71.5422775,2,0.5541211449541151,10.0,0.9900014400482178,-0.0003954239815357,-1.4130817759782075,0.004296875,-0.0067907571792602,0.2,0.2030918896198272,0.00303718,0.0003,7,Cand_B3_100k,128.5275,99.9625
1510,6144,4,1799.0,-71.730923,3,0.5899629824794829,20.0,1.0009773969650269,-0.0004494531320233,-1.4145795114338398,0.002734375,0.6581250429153442,0.2,0.2574499547481537,0.0020556762,0.0003,7,Cand_B3_100k,128.5275,99.9625
1428,8192,5,1799.0,-72.240604,4,0.818034837860614,30.0,1.001530408859253,-0.001164284582046,-1.4208332356065512,0.0142578125,0.7741063237190247,0.2,0.4097161591053009,0.003835279,0.0003,7,Cand_B3_100k,128.5275,99.9625
1382,10240,7,1799.0,-70.6277554,5,0.9931201231665908,40.0,1.0118759870529177,-0.0002775884473521,-1.4254611011594531,0.002685546875,0.8326110243797302,0.2,0.2543499171733856,0.00077249296,0.0003,7,Cand_B3_100k,128.5275,99.9625
1376,12288,8,1799.0,-69.65333383333333,6,1.0659630469046533,50.0,1.01089346408844,-0.0025087921741942,-1.4298960719257594,0.02265625,0.8378907442092896,0.2,0.1874728351831436,0.0028291272,0.0003,7,Cand_B3_100k,128.5275,99.9625
1366,14336,10,1799.0,-68.43336757142858,7,0.9713859730400144,60.0,1.0178734064102173,-0.0012729571652016,-1.4347290571779012,0.019189453125,0.8623398542404175,0.2,0.3147479295730591,0.0030240458,0.0003,7,Cand_B3_100k,128.5275,99.9625
1384,16384,11,1799.0,-65.58864266666666,8,1.462047274830272,67.0,1.0064173936843872,-0.0041113199001557,-1.43051661681203,0.0472542475728155,0.8697996139526367,0.2,0.8771764039993286,0.009857913,0.0003,7,Cand_B3_100k,128.5275,99.9625
1372,18432,13,1799.0,-64.2345301,9,0.7917859633918851,77.0,0.9932372570037842,0.0004899929546809,-1.4189691565930844,0.0064453125,0.8923196196556091,0.2,0.1796628385782241,0.00040438975,0.0003,7,Cand_B3_100k,128.5275,99.9625
1365,20480,14,1799.0,-63.589798454545445,10,0.779767604963854,87.0,0.9776208400726318,-0.0003121011774055,-1.40338182002306,0.0087890625,0.9022557139396667,0.2,0.2520323991775512,0.0021070116,0.0003,7,Cand_B3_100k,128.5275,99.9625
1357,22528,16,1799.0,-62.52591283333333,11,0.9415120966732502,97.0,0.9800297617912292,7.959413123899139e-05,-1.398278283700347,0.00126953125,0.8846603035926819,0.2,0.248198464512825,0.0016912792,0.0003,7,Cand_B3_100k,128.5275,99.9625
1351,24576,18,1799.0,-61.118010538461526,12,0.7435682805255055,107.0,0.9699017405509948,-0.0044514658940897,-1.3915766317397356,0.036474609375,0.8987717032432556,0.2,0.1926754564046859,0.0035792864,0.0003,7,Cand_B3_100k,128.5275,99.9625
1340,26624,19,1799.0,-59.79730792857141,13,0.6274365120334551,117.0,0.9616956114768982,-0.0011364958267222,-1.386092099174857,0.0099609375,0.9006396532058716,0.2,0.2706596851348877,0.003128468,0.0003,7,Cand_B3_100k,128.5275,99.9625
1329,28672,21,1799.0,-58.44373019999999,14,0.6419586559291929,127.0,0.9490426778793336,-0.0021250883459288,-1.3718498840928075,0.022119140625,0.8973937630653381,0.2,0.1543275415897369,0.0034800838,0.0003,7,Cand_B3_100k,128.5275,99.9625
1345,30720,22,1799.0,-56.24236611764706,15,0.7118777348659933,131.0,0.9481300711631776,-0.0050440848317521,-1.3659037612378595,0.060302734375,0.9284239411354064,0.2,0.3915292620658874,0.0044854353,0.0003,7,Cand_B3_100k,128.5275,99.9625
1337,32768,24,1799.0,-54.960656944444445,16,0.715915113221854,141.0,0.9325496554374696,-0.0019587858052545,-1.3568185109645128,0.024609375,0.8788467645645142,0.2,0.2818264365196228,0.0021713008,0.0003,7,Cand_B3_100k,128.5275,99.9625
1330,34816,26,1799.0,-53.80952621052632,17,0.3416581689147279,151.0,0.909608006477356,-0.0034371788889984,-1.335333127528429,0.0271484375,0.9291929006576538,0.2,0.4317584037780761,0.003470133,0.0003,7,Cand_B3_100k,128.5275,99.9625
1327,36864,27,1799.0,-52.90237215,18,0.3932124463142827,161.0,0.9095741510391236,-0.0017722486605634,-1.3246069245040415,0.041796875,0.923223614692688,0.2,0.0832984298467636,0.003126009,0.0003,7,Cand_B3_100k,128.5275,99.9625
1335,38912,29,1799.0,-51.57649823809523,19,0.3554702024710806,167.0,0.8914378881454468,-0.0033699707348683,-1.3144022941589355,0.0479440789473684,0.918548345565796,0.2,0.0683768987655639,0.004690403,0.0003,7,Cand_B3_100k,128.5275,99.9625
1330,40960,30,1799.0,-50.47735722727271,20,0.3365880565717816,177.0,0.8751574754714966,-0.0012530668405815,-1.293543565273285,0.03095703125,0.907686412334442,0.2,0.128598928451538,0.005399474,0.0003,7,Cand_B3_100k,128.5275,99.9625
1324,43008,32,1799.0,-49.302114391304336,21,0.3008854859974235,187.0,0.8819704055786133,-0.0026726711264927,-1.2884814549237489,0.056103515625,0.9129583835601808,0.2,0.0243565887212753,0.0038928129,0.0003,7,Cand_B3_100k,128.5275,99.9625
1320,45056,34,1799.0,-47.09504132,22,0.3415544606745243,197.0,0.8681845664978027,-0.0007235583638248,-1.2850043766200543,0.028076171875,0.9260753393173218,0.2,0.1484470069408416,0.0037197464,0.0003,7,Cand_B3_100k,128.5275,99.9625
1314,47104,35,1799.0,-46.06501869230769,23,0.3276882724836468,207.0,0.8581023216247559,-7.207131275208667e-05,-1.270798658952117,0.02373046875,0.9130645394325256,0.2,0.1239350363612175,0.0068101776,0.0003,7,Cand_B3_100k,128.5275,99.9625
1311,49152,37,1799.0,-45.08520025925926,24,0.2750529980286956,217.0,0.8375329375267029,-0.0040991950634634,-1.2529996946454047,0.04931640625,0.9217421412467957,0.2,0.1057045310735702,0.0054609803,0.0003,7,Cand_B3_100k,128.5275,99.9625
1309,51200,39,1799.0,-44.04316071428571,25,0.3084833739092573,227.0,0.839600682258606,-0.0022556398209417,-1.2421960394829512,0.026513671875,0.9136648178100586,0.2,0.2814429402351379,0.0024971685,0.0003,7,Cand_B3_100k,128.5275,99.9625
1307,53248,40,1799.0,-42.994656,26,0.2710044037085026,237.0,0.8212812542915344,5.358447233447805e-05,-1.2319199539721013,0.01533203125,0.91462242603302,0.2,0.0658365488052368,0.0037754835,0.0003,7,Cand_B3_100k,128.5275,99.9625
1316,55296,42,1799.0,-41.90109353333333,27,0.2306550468536133,242.0,0.8123006224632263,-0.0017134968178175,-1.2169266778526575,0.038563829787234,0.9049701690673828,0.2,0.0367717742919921,0.0074252016,0.0003,7,Cand_B3_100k,128.5275,99.9625
1312,57344,43,1799.0,-40.97554464516129,28,0.1979804011294618,252.0,0.7931132316589355,-0.000381779926829,-1.198835764825344,0.023974609375,0.9050534963607788,0.2,0.0983328595757484,0.0031644437,0.0003,7,Cand_B3_100k,128.5275,99.9625
1306,59392,45,1799.0,-39.007249787878784,29,0.2523557744687423,262.0,0.7833661437034607,-0.001443086151994,-1.1804176036268472,0.03837890625,0.9159486293792723,0.2,0.0595208257436752,0.003697787,0.0003,7,Cand_B3_100k,128.5275,99.9625
1313,61440,46,1799.0,-38.00557079411765,30,0.311739495536625,267.0,0.7714012861251831,-0.0067432528117909,-1.1668788170654505,0.070364932885906,0.9055489897727966,0.2,0.0627050772309303,0.007738979,0.0003,7,Cand_B3_100k,128.5275,99.9625
1328,63488,47,1799.0,-37.036089942857146,31,0.2736804264669235,268.0,0.7702945470809937,-0.0030787995514961,-1.1583758776004498,0.0336538461538461,0.9066416025161744,0.2,0.1388957947492599,0.0029366028,0.0003,7,Cand_B3_100k,128.5275,99.9625
1324,65536,49,1799.0,-36.03178472222223,32,0.1571391303325072,278.0,0.7560634613037109,-0.0035026639292482,-1.1471201155334712,0.04931640625,0.9153406620025636,0.2,0.0070302374660968,0.0051806145,0.0003,7,Cand_B3_100k,128.5275,99.9625
1324,67584,51,1799.0,-35.11385843243244,33,0.1786010533364282,286.0,0.7560124397277832,0.0001850643819789,-1.1375409776256198,0.0494791666666666,0.9097844362258912,0.2,0.0392250530421733,0.0055415123,0.0003,7,Cand_B3_100k,128.5275,99.9625
1320,69632,52,1799.0,-34.212899526315795,34,0.1906367879593745,296.0,0.7396142482757568,-0.003237455515773,-1.127643359825015,0.052197265625,0.8802936673164368,0.2,0.0443626195192337,0.004918418,0.0003,7,Cand_B3_100k,128.5275,99.9625
1331,71680,53,1799.0,-33.3363107948718,35,0.1485056570347617,299.0,0.7382428646087646,-0.0008521400296184,-1.117403647478889,0.0514705882352941,0.9012167453765868,0.2,0.0161630939692258,0.010218942,0.0003,7,Cand_B3_100k,128.5275,99.9625
1340,73728,54,1799.0,-32.500251000000006,36,0.2455076606840723,302.0,0.7346142530441284,0.0017096166524829,-1.1127140985594854,0.0177951388888888,0.8822346925735474,0.2,0.0471672341227531,0.008682726,0.0003,7,Cand_B3_100k,128.5275,99.9625
1343,75776,56,1799.0,-30.86069630952381,37,0.1852649115966727,309.0,0.7375150918960571,0.0015743140618062,-1.111948544328863,0.0318813131313131,0.9135167598724364,0.2,0.143182098865509,0.009880799,0.0003,7,Cand_B3_100k,128.5275,99.9625
1351,77824,57,1799.0,-30.11143623255814,38,0.1870531971448833,313.0,0.7324675917625427,0.0019007995634258,-1.1112393835215892,0.0292779126213592,0.9017580151557922,0.2,0.1034905761480331,0.010173104,0.0003,7,Cand_B3_100k,128.5275,99.9625
1348,79872,59,1799.0,-29.410034818181817,39,0.1193385925726033,323.0,0.7252544164657593,0.0005913100139878,-1.1015891388058665,0.02119140625,0.900122880935669,0.2,0.0412676557898521,0.0040471647,0.0003,7,Cand_B3_100k,128.5275,99.9625
1347,81920,60,1799.0,-28.690020244444444,40,0.1618028930271975,333.0,0.7229953408241272,-7.145115523599088e-05,-1.0953443329781294,0.0314453125,0.9069824814796448,0.2,0.0150349177420139,0.0015497635,0.0003,7,Cand_B3_100k,128.5275,99.9625
1356,83968,61,1799.0,-28.020417500000004,41,0.210848042262452,336.0,0.7200121283531189,-0.0026086154992559,-1.0927732637950351,0.0272321428571428,0.8832350373268127,0.2,0.1816797107458114,0.0068575144,0.0003,7,Cand_B3_100k,128.5275,99.9625
1353,86016,63,1799.0,-27.381909063829788,42,0.14697863063775,346.0,0.7050442695617676,-7.363852200796828e-05,-1.0797073643654584,0.0330078125,0.9029864072799684,0.2,0.0422729849815368,0.004178467,0.0003,7,Cand_B3_100k,128.5275,99.9625
1361,88064,64,1799.0,-26.7336220625,43,0.1499439048979963,350.0,0.7041891813278198,0.0010376810051855,-1.0698026441392443,0.0364583333333333,0.9044643640518188,0.2,0.123101994395256,0.009071583,0.0003,7,Cand_B3_100k,128.5275,99.9625
1359,90112,66,1799.0,-25.62417264,44,0.208949840139775,360.0,0.6926803588867188,0.000624124813337,-1.060054058877249,0.0204861111111111,0.907523512840271,0.2,0.102655217051506,0.004697611,0.0003,7,Cand_B3_100k,128.5275,99.9625
1358,92160,67,1799.0,-25.101093607843133,45,0.1962588260299526,370.0,0.6771833896636963,-0.0005189867522858,-1.039370057359338,0.036083984375,0.8961043357849121,0.2,0.1094378754496574,0.0025456287,0.0003,7,Cand_B3_100k,128.5275,99.9625
1359,94208,69,1799.0,-24.59121790384615,46,0.1018141434580402,379.0,0.6633017063140869,-0.0006583212337023,-1.018905931375396,0.0310299295774647,0.8573058843612671,0.2,0.0665934085845947,0.0029661718,0.0003,7,Cand_B3_100k,128.5275,99.9625
1357,96256,70,1799.0,-24.082814264150944,47,0.1499161778367124,389.0,0.6680562496185303,-0.0008558909757994,-1.0110423594713212,0.025341796875,0.9141587615013124,0.2,0.0082376208156347,0.003642106,0.0003,7,Cand_B3_100k,128.5275,99.9625
1356,98304,72,1799.0,-23.593782629629622,48,0.1335797029139939,399.0,0.6616788506507874,-0.0011769461292715,-1.010131948813796,0.0421875,0.9169528484344482,0.2,0.0916384235024452,0.0054571107,0.0003,7,Cand_B3_100k,128.5275,99.9625
1354,100352,74,1799.0,-23.14021821818182,49,0.1834585946984589,409.0,0.6450696587562561,-0.0003599021903937,-0.9938956236466764,0.022802734375,0.9035761952400208,0.2,0.0166653133928775,0.005095466,0.0003,7,Cand_B3_100k,128.5275,99.9625
2292,2048,0,1799.0,-75.07089,1,,,,,,,,,,,,21,Cand_B3_100k,129.335,96.6725
1654,4096,2,1799.0,-70.37544700000001,2,0.7218151950277388,10.0,1.0227497816085815,-0.0029028608871158,-1.430115770548582,0.02998046875,-0.0958718061447143,0.2,0.1213811784982681,0.004424726,0.0003,21,Cand_B3_100k,129.335,96.6725
1519,6144,4,1799.0,-72.28844433333335,3,0.4407679296797141,20.0,1.0305726528167725,-0.001126653268875,-1.4456444166600704,0.00771484375,0.7136290073394775,0.2,0.1155330911278724,0.0026363875,0.0003,21,Cand_B3_100k,129.335,96.6725
1473,8192,5,1799.0,-71.77651525,4,0.9529143035411834,30.0,1.0419906377792358,-0.003571957792883,-1.4548712614923716,0.028271484375,0.7385613322257996,0.2,0.292264461517334,0.0031188785,0.0003,21,Cand_B3_100k,129.335,96.6725
1444,10240,7,1799.0,-71.1153168,5,0.9231021245010196,40.0,1.0445950031280518,-0.0013432859966997,-1.462795776873827,0.011083984375,0.8336958885192871,0.2,0.4339163601398468,0.0026976382,0.0003,21,Cand_B3_100k,129.335,96.6725
1414,12288,8,1799.0,-69.202022,6,0.9576098050922156,50.0,1.0477145910263062,-0.0012811418040655,-1.4635552991181613,0.01396484375,0.8565409183502197,0.2,0.3115603029727936,0.0019746036,0.0003,21,Cand_B3_100k,129.335,96.6725
1391,14336,10,1799.0,-67.90741857142856,7,1.0361438635736704,60.0,1.0432417392730713,-0.0044522624419187,-1.46336331628263,0.028369140625,0.8366470336914062,0.2,0.4670479297637939,0.0028465297,0.0003,21,Cand_B3_100k,129.335,96.6725
1379,16384,11,1799.0,-65.46048511111111,8,1.217702811397612,70.0,1.0367136001586914,-0.0007185661917901,-1.4584341358393431,0.006494140625,0.8776195645332336,0.2,0.8836858868598938,0.0012374471,0.0003,21,Cand_B3_100k,129.335,96.6725
1353,18432,13,1799.0,-64.1681739,9,0.9115795362740756,80.0,1.0395601987838743,-0.0039853167407272,-1.458442610129714,0.037255859375,0.8711733818054199,0.2,0.3295736312866211,0.005978233,0.0003,21,Cand_B3_100k,129.335,96.6725
1344,20480,15,1799.0,-62.5471759090909,10,0.703964094305411,90.0,1.0567975044250488,-0.0002401094607193,-1.466250120848417,0.00791015625,0.899159848690033,0.2,0.2693176865577698,0.0010304996,0.0003,21,Cand_B3_100k,129.335,96.6725
1338,22528,16,1799.0,-60.870136,11,0.6690342568326741,100.0,1.041791319847107,-5.796595214633271e-05,-1.4666762337088586,0.002880859375,0.8934102654457092,0.2,0.3030567765235901,0.00089598226,0.0003,21,Cand_B3_100k,129.335,96.6725
1337,24576,18,1799.0,-59.30870307692307,12,0.6054651090875268,110.0,1.040216088294983,-0.0008751596957154,-1.4593774862587452,0.008154296875,0.9023539423942566,0.2,0.2218277901411056,0.0026445691,0.0003,21,Cand_B3_100k,129.335,96.6725
1337,26624,19,1799.0,-57.70530835714285,13,0.5652739068493247,120.0,1.0265495777130127,-0.0011927164050575,-1.451477563008666,0.0171875,0.8874589204788208,0.2,0.2665293216705322,0.003142063,0.0003,21,Cand_B3_100k,129.335,96.6725
1326,28672,21,1799.0,-56.3474988,14,0.5538823885377496,130.0,1.0179224014282229,-0.0026410858947201,-1.4409766491502525,0.02978515625,0.8830364346504211,0.2,0.6128327250480652,0.005115373,0.0003,21,Cand_B3_100k,129.335,96.6725
1321,30720,23,1799.0,-53.027404058823535,15,0.4205548774451017,140.0,1.0056729316711426,-0.0030609365407144,-1.4307683043181896,0.03486328125,0.9350349307060242,0.2,0.1180594712495803,0.0035794587,0.0003,21,Cand_B3_100k,129.335,96.6725
1316,32768,24,1799.0,-51.4649603888889,16,0.4167766416445374,150.0,1.0002992153167725,-0.0034024193249933,-1.4216951463371514,0.028515625,0.8768894672393799,0.2,0.105155199766159,0.0041740863,0.0003,21,Cand_B3_100k,129.335,96.6725
1304,34816,26,1799.0,-49.76587231578948,17,0.3011149105150252,160.0,0.9825902581214904,-0.0023538220542832,-1.4095689304172994,0.029541015625,0.9135072827339172,0.2,0.076268084347248,0.0050487965,0.0003,21,Cand_B3_100k,129.335,96.6725
1301,36864,28,1799.0,-48.17554435,18,0.2927801038604229,170.0,0.9655435085296632,-0.0030233214922191,-1.393608882278204,0.03642578125,0.8966810703277588,0.2,0.1353057473897934,0.0022829268,0.0003,21,Cand_B3_100k,129.335,96.6725
1306,38912,29,1799.0,-46.46716928571429,19,0.2455817019462069,178.0,0.940235435962677,-0.0051586341568434,-1.3699414214014491,0.043560606060606,0.916208267211914,0.2,0.0941378325223922,0.009463599,0.0003,21,Cand_B3_100k,129.335,96.6725
1303,40960,31,1799.0,-44.824223454545454,20,0.2816868830937892,188.0,0.9117511510849,-0.0022016912909748,-1.340921250358224,0.03203125,0.8611058592796326,0.2,0.1744810789823532,0.004882738,0.0003,21,Cand_B3_100k,129.335,96.6725
1305,43008,32,1799.0,-43.20699547826087,21,0.2084751185029745,198.0,0.902742326259613,-0.0024589799431851,-1.3214359752833844,0.036328125,0.8861494660377502,0.2,0.0334246009588241,0.0029967367,0.0003,21,Cand_B3_100k,129.335,96.6725
1317,45056,34,1799.0,-40.25219676,22,0.2081303390252856,204.0,0.8912762999534607,-0.0006242326419155,-1.3101412530717902,0.0212115921787709,0.9194518327713012,0.2,0.0681700855493545,0.0069296234,0.0003,21,Cand_B3_100k,129.335,96.6725
1317,47104,35,1799.0,-38.86792865384616,23,0.2712791787227616,214.0,0.8674769401550293,-0.0036260395565477,-1.289046256244183,0.044482421875,0.8807141184806824,0.2,0.1408577114343643,0.0028949152,0.0003,21,Cand_B3_100k,129.335,96.6725
1315,49152,37,1799.0,-37.51191785185185,24,0.1573540021665394,224.0,0.8556537628173828,-0.0010646644783264,-1.2699240937829015,0.018798828125,0.8845299482345581,0.2,0.0251563359051942,0.0033514095,0.0003,21,Cand_B3_100k,129.335,96.6725
1308,51200,39,1799.0,-36.25427307142857,25,0.1846151093253865,234.0,0.8553056716918945,0.0003491050185402,-1.2630774784833192,0.034130859375,0.901100754737854,0.2,0.1543623358011245,0.003308775,0.0003,21,Cand_B3_100k,129.335,96.6725
1302,53248,40,1799.0,-35.138446448275864,26,0.1674087880644947,244.0,0.8425672650337219,-0.0010105942368682,-1.254792946949601,0.02744140625,0.8917748928070068,0.2,0.0449984110891819,0.0031881407,0.0003,21,Cand_B3_100k,129.335,96.6725
1297,55296,42,1799.0,-34.00116056666666,27,0.2427348286146298,254.0,0.81483393907547,-0.0006657552548858,-1.230079773068428,0.012353515625,0.8832929134368896,0.2,0.1165929436683654,0.0044260733,0.0003,21,Cand_B3_100k,129.335,96.6725
1295,57344,44,1799.0,-32.98883903225806,28,0.1532312745926901,264.0,0.7991166710853577,-0.0009518942490103,-1.2034003008157017,0.03603515625,0.84873366355896,0.2,0.0302901901304721,0.00354855,0.0003,21,Cand_B3_100k,129.335,96.6725
1306,59392,45,1799.0,-30.953823424242422,29,0.1511095792732455,269.0,0.7987399101257324,0.00047238739012,-1.1942134253628605,0.0269886363636363,0.8714009523391724,0.2,0.1337030529975891,0.0048074177,0.0003,21,Cand_B3_100k,129.335,96.6725
1305,61440,47,1799.0,-30.04356417647059,30,0.255948496167548,279.0,0.797558069229126,-0.0002732803288381,-1.1932911220937967,0.016357421875,0.868051290512085,0.2,0.0919241607189178,0.0020664972,0.0003,21,Cand_B3_100k,129.335,96.6725
1307,63488,48,1799.0,-29.18033811428572,31,0.1445514472619611,287.0,0.7803293466567993,-0.0016333093077932,-1.1815150888598696,0.0440051020408163,0.8885049819946289,0.2,0.0578238181769847,0.0056645516,0.0003,21,Cand_B3_100k,129.335,96.6725
1318,65536,49,1799.0,-28.315754055555555,32,0.1351618902333597,291.0,0.7768855690956116,0.0015164571952554,-1.1687433094081312,0.0310952970297029,0.8977664709091187,0.2,0.0753151029348373,0.011513918,0.0003,21,Cand_B3_100k,129.335,96.6725
1315,67584,51,1799.0,-27.50499262162162,33,0.1727245858986862,301.0,0.7815534472465515,5.77036349568516e-05,-1.168859188631177,0.02998046875,0.8899046182632446,0.2,0.0598510950803756,0.0025059907,0.0003,21,Cand_B3_100k,129.335,96.6725
1313,69632,52,1799.0,-26.797148473684206,34,0.1734290316933766,311.0,0.7794473171234131,0.0007530582515755,-1.1703783620148898,0.021435546875,0.8948388695716858,0.2,0.1790673285722732,0.0012343121,0.0003,21,Cand_B3_100k,129.335,96.6725
1312,71680,54,1799.0,-26.0767311025641,35,0.1409588638343848,321.0,0.7759982943534851,-0.0002863300102035,-1.1675254918634892,0.0298828125,0.8514900207519531,0.2,0.0474426001310348,0.0027598816,0.0003,21,Cand_B3_100k,129.335,96.6725
1319,73728,55,1799.0,-25.373153,36,0.1622603698256048,326.0,0.7657408118247986,-0.0022162092657684,-1.1591860080087506,0.0633445945945946,0.9084330797195436,0.2,0.131988376379013,0.0076785884,0.0003,21,Cand_B3_100k,129.335,96.6725
1316,75776,57,1799.0,-24.058463904761908,37,0.1749079643283039,336.0,0.7706789374351501,-0.0013103201134072,-1.1537242341786622,0.02783203125,0.9129971265792848,0.2,0.0346290208399295,0.0033826297,0.0003,21,Cand_B3_100k,129.335,96.6725
1325,77824,58,1799.0,-23.424184674418605,38,0.133767326542687,340.0,0.7634717226028442,-0.0025468626559051,-1.152815495767901,0.0408266129032258,0.9002993702888489,0.2,0.0528704300522804,0.005535295,0.0003,21,Cand_B3_100k,129.335,96.6725
1324,79872,60,1799.0,-22.816184045454545,39,0.118850443145493,350.0,0.7478188872337341,-0.0014700003011967,-1.137924537062645,0.037451171875,0.9117920994758606,0.2,0.0324158445000648,0.0039269356,0.0003,21,Cand_B3_100k,129.335,96.6725
1323,81920,61,1799.0,-22.2145838,40,0.1344669333691227,360.0,0.7498947381973267,-0.0022549352319589,-1.129872541592039,0.0429956896551724,0.8976082801818848,0.2,0.0393971763551235,0.0142718125,0.0003,21,Cand_B3_100k,129.335,96.6725
1322,83968,63,1799.0,-21.644815043478264,41,0.1643402942456305,370.0,0.7413327693939209,0.0005029115258366,-1.1250283673405648,0.0171875,0.9129638671875,0.2,0.0594104714691638,0.003268077,0.0003,21,Cand_B3_100k,129.335,96.6725
1324,86016,64,1799.0,-21.09323719148936,42,0.1323724290903876,378.0,0.7263727188110352,-0.0005080350172505,-1.1101860144559077,0.0283700980392156,0.926863729953766,0.2,0.1021820679306984,0.0036673383,0.0003,21,Cand_B3_100k,129.335,96.6725
1327,88064,66,1799.0,-20.56454408333333,43,0.1367802040898092,385.0,0.7226505279541016,-0.0001006111477131,-1.0974515164823837,0.0362442922374429,0.8905085921287537,0.2,0.1008439883589744,0.0041625206,0.0003,21,Cand_B3_100k,129.335,96.6725
1325,90112,68,1799.0,-19.55377338,44,0.1897837135242298,395.0,0.7192073464393616,0.0009816881440201,-1.0922276500612498,0.0203125,0.9112344980239868,0.2,0.0509472787380218,0.004227225,0.0003,21,Cand_B3_100k,129.335,96.6725
1335,92160,69,1799.0,-19.09071660784313,45,0.1663003440414156,397.0,0.7192941308021545,0.0021705385297536,-1.0893727575029646,0.0446428571428571,0.9149348735809326,0.2,0.1016831398010253,0.013124597,0.0003,21,Cand_B3_100k,129.335,96.6725
1345,94208,70,1799.0,-18.64734357692308,46,0.1061184284887437,399.0,0.7176045179367065,0.0017745598853597,-1.0879615853572715,0.0460668103448275,0.9375286102294922,0.2,0.0828154534101486,0.0037811361,0.0003,21,Cand_B3_100k,129.335,96.6725
1343,96256,71,1799.0,-18.194841886792453,47,0.1213297932961229,409.0,0.7046528458595276,0.0007606729328379,-1.0779384899947604,0.0344809322033898,0.935620903968811,0.2,0.0108645325526595,0.011522343,0.0003,21,Cand_B3_100k,129.335,96.6725
1346,98304,72,1799.0,-17.755060814814815,48,0.1130313554179694,417.0,0.6995643973350525,0.001027432629338,-1.0651929110682483,0.0301486784140969,0.9424388408660888,0.2,0.0278892591595649,0.012754674,0.0003,21,Cand_B3_100k,129.335,96.6725
1352,100352,74,1799.0,-17.339397745454544,49,0.1939787805723629,422.0,0.7059359550476074,-0.001939589837767,-1.0658942469590005,0.0429406474820143,0.8691490888595581,0.2,0.1015215963125228,0.009741769,0.0003,21,Cand_B3_100k,129.335,96.6725
2266,2048,0,1799.0,-78.767223,1,,,,,,,,,,,,42,Cand_B3_100k,128.9225,98.87
1641,4096,2,1799.0,-74.0452475,2,0.7769475858658552,10.0,1.020939588546753,-0.0042291415244108,-1.4299696009606122,0.032177734375,0.0988653898239135,0.2,0.0821825191378593,0.0042676786,0.0003,42,Cand_B3_100k,128.9225,98.87
1428,6144,4,1799.0,-71.344476,3,0.5842490408103913,20.0,1.038676619529724,-0.0017774767758965,-1.4496604055166245,0.0095703125,0.6678414344787598,0.2,0.3352506756782532,0.002282349,0.0003,42,Cand_B3_100k,128.9225,98.87
1382,8192,5,1799.0,-68.48180075,4,0.7711666144430638,30.0,1.0449304580688477,-0.0019931152433855,-1.4589683476835489,0.027685546875,0.8077993392944336,0.2,0.3591624200344085,0.0035597563,0.0003,42,Cand_B3_100k,128.9225,98.87
1346,10240,7,1799.0,-65.2790324,5,0.8890862961299717,40.0,1.0431865453720093,-0.0014039903362572,-1.4610855679959058,0.01357421875,0.8316811323165894,0.2,0.2398005425930023,0.0028226834,0.0003,42,Cand_B3_100k,128.9225,98.87
1333,12288,9,1799.0,-62.525242833333344,6,0.9690474968403576,50.0,1.0437755584716797,-0.0058166651680949,-1.4610268872231245,0.047412109375,0.829830527305603,0.2,0.4384461343288421,0.0036949168,0.0003,42,Cand_B3_100k,128.9225,98.87
1324,14336,10,1799.0,-60.36955557142858,7,0.7515668660402298,60.0,1.0509454011917114,-0.0001861258569988,-1.4652089223265647,0.0267578125,0.8618131875991821,0.2,0.2657058238983154,0.0021662991,0.0003,42,Cand_B3_100k,128.9225,98.87
1313,16384,12,1799.0,-57.177913777777775,8,0.9299790187738836,70.0,1.0454250574111938,-0.0013972443666716,-1.465713481977582,0.017724609375,0.8855727314949036,0.2,0.4200898706912994,0.0040712296,0.0003,42,Cand_B3_100k,128.9225,98.87
1314,18432,14,1799.0,-55.5262729,9,0.7073494039010256,80.0,1.0471254587173462,-0.0007237091849674,-1.464039856940508,0.022900390625,0.8795787692070007,0.2,0.870098352432251,0.0010996129,0.0003,42,Cand_B3_100k,128.9225,98.87
1310,20480,15,1799.0,-54.15274590909091,10,0.6344906942918896,90.0,1.042243719100952,-0.0044577425956958,-1.4606675863265992,0.04189453125,0.8725714087486267,0.2,0.2268750518560409,0.0029493943,0.0003,42,Cand_B3_100k,128.9225,98.87
1307,22528,17,1799.0,-52.57320841666667,11,0.5501121457200497,100.0,1.0288546085357666,-0.0038793713574705,-1.4541257098317146,0.034326171875,0.883211076259613,0.2,0.1095886826515197,0.0054986025,0.0003,42,Cand_B3_100k,128.9225,98.87
1313,24576,18,1799.0,-50.57705653846154,12,0.5142420556258273,109.0,1.0098087787628174,-0.0046308177290484,-1.436594213379754,0.0509837962962963,0.878371000289917,0.2,0.2142356485128402,0.008606149,0.0003,42,Cand_B3_100k,128.9225,98.87
1315,26624,20,1799.0,-48.6129255,13,0.5512768301580634,118.0,0.9930304884910583,-0.0021821523442797,-1.418630802631378,0.0232700892857142,0.8732798099517822,0.2,0.156708151102066,0.0028357217,0.0003,42,Cand_B3_100k,128.9225,98.87
1315,28672,21,1799.0,-46.92230953333333,14,0.3573799324454739,128.0,0.9819526076316832,-0.0017521712958114,-1.407308627292514,0.02451171875,0.9090948104858398,0.2,0.0802119076251983,0.0036279003,0.0003,42,Cand_B3_100k,128.9225,98.87
1327,30720,23,1799.0,-43.45291447058823,15,0.3129367152284277,135.0,0.966576874256134,-0.0018018119885484,-1.392863931042133,0.0323329207920792,0.9297474026679992,0.2,0.0723544061183929,0.0065045864,0.0003,42,Cand_B3_100k,128.9225,98.87
1361,32768,24,1799.0,-42.02834494444444,16,0.4311487990475836,137.0,0.9615774154663086,-0.0009004799926298,-1.3822872326487587,0.0412946428571428,0.8754513263702393,0.2,0.1574368327856063,0.009451995,0.0003,42,Cand_B3_100k,128.9225,98.87
1359,34816,25,1799.0,-40.832529,17,0.2906818922841921,147.0,0.9451797604560852,-0.0007132811129849,-1.3703630596399308,0.0314453125,0.9108132123947144,0.2,0.0585291944444179,0.0039222604,0.0003,42,Cand_B3_100k,128.9225,98.87
1353,36864,27,1799.0,-39.58979765,18,0.2769681188976392,157.0,0.9283766150474548,-0.0010519910523726,-1.3527765963226557,0.0294921875,0.8982818722724915,0.2,0.1095265746116638,0.0037123803,0.0003,42,Cand_B3_100k,128.9225,98.87
1350,38912,28,1799.0,-38.35745828571429,19,0.2219874254311435,167.0,0.9197010397911072,-0.001930671968148,-1.33924699164927,0.03759765625,0.907415509223938,0.2,0.1060454472899437,0.0030590307,0.0003,42,Cand_B3_100k,128.9225,98.87
1366,40960,29,1799.0,-37.03667159090909,20,0.2815029975171237,172.0,0.9185547828674316,-0.0021322298751667,-1.3340776696685672,0.0386385658914728,0.8753851652145386,0.2,0.1653089225292205,0.02189184,0.0003,42,Cand_B3_100k,128.9225,98.87
1366,43008,31,1799.0,-35.671448391304345,21,0.2321336819959905,182.0,0.8828520774841309,-0.0058988582628508,-1.312689476500685,0.0428314696485623,0.8963620662689209,0.2,0.0889931097626686,0.00741727,0.0003,42,Cand_B3_100k,128.9225,98.87
1388,45056,32,1799.0,-33.18676156,22,0.2800949671520636,184.0,0.8807887434959412,-0.0006694786537152,-1.2929770396305964,0.03515625,0.8988855481147766,0.2,0.0695163458585739,0.006813503,0.0003,42,Cand_B3_100k,128.9225,98.87
1383,47104,34,1799.0,-32.03667923076923,23,0.2908768551424145,194.0,0.8812946677207947,-0.0004255952277162,-1.2916660532355309,0.0306640625,0.8824886679649353,0.2,0.1604264825582504,0.0013240346,0.0003,42,Cand_B3_100k,128.9225,98.87
1387,49152,35,1799.0,-31.012306629629627,24,0.214063747268584,202.0,0.890023410320282,-0.0018007263947182,-1.298336294471708,0.0243055555555555,0.8738967776298523,0.2,0.0452197566628456,0.005317899,0.0003,42,Cand_B3_100k,128.9225,98.87
1386,51200,36,1799.0,-30.054022928571424,25,0.1386503894114867,212.0,0.8839638233184814,-9.594719085725956e-05,-1.3001965533941984,0.024560546875,0.8890154957771301,0.2,0.0258182547986507,0.00349767,0.0003,42,Cand_B3_100k,128.9225,98.87
1394,53248,38,1799.0,-29.06865986206896,26,0.1745063526987356,218.0,0.8683878779411316,-0.0007634927587068,-1.2859394112549258,0.0314265536723163,0.8791713714599609,0.2,0.0763239189982414,0.0049041025,0.0003,42,Cand_B3_100k,128.9225,98.87
1389,55296,39,1799.0,-28.118261866666664,27,0.2896400230703875,228.0,0.8519677519798279,-0.0008792735308816,-1.2670581862330437,0.026416015625,0.833151638507843,0.2,0.1217583194375038,0.0032936656,0.0003,42,Cand_B3_100k,128.9225,98.87
1392,57344,41,1799.0,-27.22885483870968,28,0.2201557350786108,234.0,0.8483096957206726,0.0003445668905777,-1.256044872810966,0.0193256578947368,0.8289670944213867,0.2,0.1244526207447052,0.0038622986,0.0003,42,Cand_B3_100k,128.9225,98.87
1398,59392,42,1799.0,-25.580953363636365,29,0.1425060061516151,240.0,0.8440540432929993,-0.0018316245779195,-1.251382317571413,0.0372953869047619,0.9023056626319884,0.2,0.0815657377243042,0.010766144,0.0003,42,Cand_B3_100k,128.9225,98.87
1407,61440,43,1799.0,-24.81081658823529,30,0.21577912016261,244.0,0.8389098644256592,-0.0003040958676607,-1.2468217322903294,0.0307459677419354,0.8845793008804321,0.2,0.1196381598711013,0.004336529,0.0003,42,Cand_B3_100k,128.9225,98.87
1402,63488,45,1799.0,-24.12034422857143,31,0.1801273323129862,254.0,0.8597372770309448,-0.0010829873972397,-1.2566186856478452,0.029052734375,0.8816601037979126,0.2,0.0335896275937557,0.0043458454,0.0003,42,Cand_B3_100k,128.9225,98.87
1413,65536,46,1799.0,-23.419984916666667,32,0.1831366091744223,257.0,0.8556129336357117,-7.840771394879071e-05,-1.265553314294388,0.0408115671641791,0.8542995452880859,0.2,0.0610650815069675,0.013538339,0.0003,42,Cand_B3_100k,128.9225,98.87
1419,67584,47,1799.0,-22.77854127027027,33,0.1740211614321732,262.0,0.8483015894889832,-0.0010605751081032,-1.2583929562399574,0.0277039007092198,0.8639059662818909,0.2,0.0493341833353042,0.0071613234,0.0003,42,Cand_B3_100k,128.9225,98.87
1423,69632,48,1799.0,-22.119658,34,0.1733854159258949,269.0,0.8491035103797913,-0.0012989777440517,-1.2552920882471927,0.0434644670050761,0.8894674181938171,0.2,0.1642531901597976,0.0074026817,0.0003,42,Cand_B3_100k,128.9225,98.87
1422,71680,50,1799.0,-21.52583184615385,35,0.1682027172464043,278.0,0.8412356972694397,0.0007125122451793,-1.249509141071519,0.0274020522388059,0.850410521030426,0.2,0.1863979697227478,0.005521824,0.0003,42,Cand_B3_100k,128.9225,98.87
1432,73728,51,1799.0,-20.9716396,36,0.1479743408216607,281.0,0.838642954826355,0.0010644342567372,-1.244521372375034,0.0219494047619047,0.8749605417251587,0.2,0.0440488383173942,0.0056134574,0.0003,42,Cand_B3_100k,128.9225,98.87
1430,75776,52,1799.0,-19.840284000000004,37,0.1953411481584663,290.0,0.8245107531547546,-0.0008440823798688,-1.233670879293371,0.0409143518518518,0.8802043795585632,0.2,0.1528767645359039,0.0067060078,0.0003,42,Cand_B3_100k,128.9225,98.87
1424,77824,54,1799.0,-19.33346934883721,38,0.1627769472077488,300.0,0.8306690454483032,0.0005845897234394,-1.2289958082139492,0.030419921875,0.9009667038917542,0.2,0.0609321147203445,0.0043013203,0.0003,42,Cand_B3_100k,128.9225,98.87
1436,79872,55,1799.0,-18.821626772727274,39,0.2472551102366517,302.0,0.831514298915863,-0.001475487185149,-1.2338171496110804,0.0220588235294117,0.8211647868156433,0.2,0.1184205263853073,0.011717207,0.0003,42,Cand_B3_100k,128.9225,98.87
1431,81920,57,1799.0,-18.3847126,40,0.1273642567568458,312.0,0.8149437308311462,0.000540562441165,-1.2238288205116987,0.02568359375,0.8897875547409058,0.2,0.0387417674064636,0.002638405,0.0003,42,Cand_B3_100k,128.9225,98.87
1442,83968,58,1799.0,-18.0007285,41,0.2438672333955764,314.0,0.8138008117675781,0.0002646588474615,-1.2136284854676989,0.0361111111111111,0.834043025970459,0.2,0.0773883759975433,0.004408012,0.0003,42,Cand_B3_100k,128.9225,98.87
1448,86016,59,1799.0,-17.60474380851064,42,0.168199369985172,319.0,0.8080293536186218,-0.0035120233489364,-1.209008579745012,0.0361902573529411,0.8779656887054443,0.2,0.0805439949035644,0.010980123,0.0003,42,Cand_B3_100k,128.9225,98.87
1444,88064,60,1799.0,-17.215540229166667,43,0.1918167830444872,329.0,0.8190988898277283,0.0004476029716897,-1.213254689052701,0.028955078125,0.8847047090530396,0.2,0.07219198346138,0.004368248,0.0003,42,Cand_B3_100k,128.9225,98.87
1456,90112,61,1799.0,-16.47316922,44,0.255875282562696,330.0,0.8182663917541504,0.0007220172824767,-1.2189756723550649,0.0540865384615384,0.9028132557868958,0.2,0.1322789937257766,0.0043252315,0.0003,42,Cand_B3_100k,128.9225,98.87
1453,92160,63,1799.0,-16.070851862745098,45,0.1717263075872324,340.0,0.8032967448234558,0.0003196056633896,-1.2076657876372336,0.022900390625,0.9070284962654114,0.2,0.1396048367023468,0.0044750194,0.0003,42,Cand_B3_100k,128.9225,98.87
1456,94208,64,1799.0,-15.71698626923077,46,0.1316979076275054,346.0,0.7944948673248291,0.0009454688865362,-1.193660398791818,0.0363970588235294,0.8932728171348572,0.2,0.1051933467388153,0.007102856,0.0003,42,Cand_B3_100k,128.9225,98.87
1452,96256,66,1799.0,-15.344513264150942,47,0.1647748435148969,356.0,0.7864986658096313,0.0014873645654006,-1.1834495589137075,0.03037109375,0.9045894742012024,0.2,0.0855999365448951,0.0041926736,0.0003,42,Cand_B3_100k,128.9225,98.87
1458,98304,67,1799.0,-14.988227833333331,48,0.1498337866444336,359.0,0.782998263835907,-0.0007286924525703,-1.1769009891309237,0.0396381578947368,0.919391930103302,0.2,0.0823668092489242,0.004246342,0.0003,42,Cand_B3_100k,128.9225,98.87
1455,100352,68,1799.0,-14.634444545454546,49,0.2487754341480987,368.0,0.7753657698631287,0.0001204259768461,-1.169392500604902,0.0376116071428571,0.8629884719848633,0.2,0.135942056775093,0.0065635215,0.0003,42,Cand_B3_100k,128.9225,98.87
