controller,seed,metric,cross_cycle_mean,cross_cycle_std,epa_udds,epa_hwfet,epa_us06,wltp_class3b
RuleBasedEMS,N/A,distance_km,15.708000000000002,5.014378276516442,10.418,16.696,12.275,23.443
RuleBasedEMS,N/A,mean_speed_kmh,56.824999999999996,20.905905266216052,27.4,78.7,74.3,46.9
RuleBasedEMS,N/A,discharge_energy_wh,2135.3175,676.7463722242993,1068.24,2216.18,2311.85,2945.0
RuleBasedEMS,N/A,regen_energy_wh,112.23750000000001,51.354277511712695,164.58,31.08,106.55,146.74
RuleBasedEMS,N/A,net_energy_wh,2023.08,691.6393166962099,903.66,2185.1,2205.3,2798.26
RuleBasedEMS,N/A,wh_per_km,129.1575,33.344657274442035,86.74,130.87,179.65,119.37
RuleBasedEMS,N/A,regen_recovery_fraction,1.0,0.0,1.0,1.0,1.0,1.0
RuleBasedEMS,N/A,min_soc,0.453575,0.015904932411047845,0.4792,0.4499,0.4497,0.4355
RuleBasedEMS,N/A,final_soc,0.45404999999999995,0.015730305146436276,0.4795,0.4504,0.4499,0.4364
RuleBasedEMS,N/A,delta_soc,0.045950000000000005,0.01573030514643629,0.0205,0.0496,0.0501,0.0636
RuleBasedEMS,N/A,max_temperature_c,25.1625,0.08642193008721841,25.04,25.13,25.27,25.21
RuleBasedEMS,N/A,avg_temperature_c,25.072499999999998,0.049686517285879105,25.02,25.08,25.15,25.04
RuleBasedEMS,N/A,total_power_deficit_wh,0.0,0.0,0.0,0.0,0.0,0.0
RuleBasedEMS,N/A,safety_interventions,0.0,0.0,0.0,0.0,0.0,0.0
RuleBasedEMS,N/A,safety_intervention_rate,0.0,0.0,0.0,0.0,0.0,0.0
RuleBasedEMS,N/A,distance_km,15.708000000000002,5.014378276516442,10.418,16.696,12.275,23.443
RuleBasedEMS,N/A,mean_speed_kmh,56.824999999999996,20.905905266216052,27.4,78.7,74.3,46.9
RuleBasedEMS,N/A,discharge_energy_wh,2135.3175,676.7463722242993,1068.24,2216.18,2311.85,2945.0
RuleBasedEMS,N/A,regen_energy_wh,112.23750000000001,51.354277511712695,164.58,31.08,106.55,146.74
RuleBasedEMS,N/A,net_energy_wh,2023.08,691.6393166962099,903.66,2185.1,2205.3,2798.26
RuleBasedEMS,N/A,wh_per_km,129.1575,33.344657274442035,86.74,130.87,179.65,119.37
RuleBasedEMS,N/A,regen_recovery_fraction,1.0,0.0,1.0,1.0,1.0,1.0
RuleBasedEMS,N/A,min_soc,0.453575,0.015904932411047845,0.4792,0.4499,0.4497,0.4355
RuleBasedEMS,N/A,final_soc,0.45404999999999995,0.015730305146436276,0.4795,0.4504,0.4499,0.4364
RuleBasedEMS,N/A,delta_soc,0.045950000000000005,0.01573030514643629,0.0205,0.0496,0.0501,0.0636
RuleBasedEMS,N/A,max_temperature_c,25.1625,0.08642193008721841,25.04,25.13,25.27,25.21
RuleBasedEMS,N/A,avg_temperature_c,25.072499999999998,0.049686517285879105,25.02,25.08,25.15,25.04
RuleBasedEMS,N/A,total_power_deficit_wh,0.0,0.0,0.0,0.0,0.0,0.0
RuleBasedEMS,N/A,safety_interventions,0.0,0.0,0.0,0.0,0.0,0.0
RuleBasedEMS,N/A,safety_intervention_rate,0.0,0.0,0.0,0.0,0.0,0.0
RuleBasedEMS,N/A,distance_km,15.708000000000002,5.014378276516442,10.418,16.696,12.275,23.443
RuleBasedEMS,N/A,mean_speed_kmh,56.824999999999996,20.905905266216052,27.4,78.7,74.3,46.9
RuleBasedEMS,N/A,discharge_energy_wh,2135.3175,676.7463722242993,1068.24,2216.18,2311.85,2945.0
RuleBasedEMS,N/A,regen_energy_wh,112.23750000000001,51.354277511712695,164.58,31.08,106.55,146.74
RuleBasedEMS,N/A,net_energy_wh,2023.08,691.6393166962099,903.66,2185.1,2205.3,2798.26
RuleBasedEMS,N/A,wh_per_km,129.1575,33.344657274442035,86.74,130.87,179.65,119.37
RuleBasedEMS,N/A,regen_recovery_fraction,1.0,0.0,1.0,1.0,1.0,1.0
RuleBasedEMS,N/A,min_soc,0.453575,0.015904932411047845,0.4792,0.4499,0.4497,0.4355
RuleBasedEMS,N/A,final_soc,0.45404999999999995,0.015730305146436276,0.4795,0.4504,0.4499,0.4364
RuleBasedEMS,N/A,delta_soc,0.045950000000000005,0.01573030514643629,0.0205,0.0496,0.0501,0.0636
RuleBasedEMS,N/A,max_temperature_c,25.1625,0.08642193008721841,25.04,25.13,25.27,25.21
RuleBasedEMS,N/A,avg_temperature_c,25.072499999999998,0.049686517285879105,25.02,25.08,25.15,25.04
RuleBasedEMS,N/A,total_power_deficit_wh,0.0,0.0,0.0,0.0,0.0,0.0
RuleBasedEMS,N/A,safety_interventions,0.0,0.0,0.0,0.0,0.0,0.0
RuleBasedEMS,N/A,safety_intervention_rate,0.0,0.0,0.0,0.0,0.0,0.0
PPO_seed7,7,distance_km,15.708000000000002,5.014378276516442,10.418,16.696,12.275,23.443
PPO_seed7,7,mean_speed_kmh,56.824999999999996,20.905905266216052,27.4,78.7,74.3,46.9
PPO_seed7,7,discharge_energy_wh,2126.6625,668.5001114949421,1067.22,2213.57,2309.05,2916.81
PPO_seed7,7,regen_energy_wh,112.14750000000001,51.291692492546986,164.49,31.07,106.55,146.48
PPO_seed7,7,net_energy_wh,2014.5124999999998,683.8951246490575,902.74,2182.49,2202.49,2770.33
PPO_seed7,7,wh_per_km,128.745,33.37606814770128,86.66,130.72,179.43,118.17
PPO_seed7,7,regen_recovery_fraction,0.999325,0.0006832825184358355,0.9994,0.9997,1.0,0.9982
PPO_seed7,7,min_soc,0.453725,0.015735687941745676,0.4792,0.4499,0.4497,0.4361
PPO_seed7,7,final_soc,0.454275,0.015522624616990513,0.4795,0.4505,0.45,0.4371
PPO_seed7,7,delta_soc,0.045725,0.015522624616990516,0.0205,0.0495,0.05,0.0629
PPO_seed7,7,max_temperature_c,25.1625,0.08642193008721841,25.04,25.13,25.27,25.21
PPO_seed7,7,avg_temperature_c,25.072499999999998,0.049686517285879105,25.02,25.08,25.15,25.04
PPO_seed7,7,total_power_deficit_wh,8.6575,11.298401159013606,1.02,2.61,2.81,28.19
PPO_seed7,7,safety_interventions,0.0,0.0,0.0,0.0,0.0,0.0
PPO_seed7,7,safety_intervention_rate,0.0,0.0,0.0,0.0,0.0,0.0
PPO_seed7,21,distance_km,15.708000000000002,5.014378276516442,10.418,16.696,12.275,23.443
PPO_seed7,21,mean_speed_kmh,56.824999999999996,20.905905266216052,27.4,78.7,74.3,46.9
PPO_seed7,21,discharge_energy_wh,2135.3175,676.7463722242993,1068.24,2216.18,2311.85,2945.0
PPO_seed7,21,regen_energy_wh,110.5275,50.77496596503045,162.34,30.06,105.59,144.12
PPO_seed7,21,net_energy_wh,2024.7875000000001,691.594467132835,905.89,2186.12,2206.26,2800.88
PPO_seed7,21,wh_per_km,129.275,33.297699995645345,86.96,130.93,179.73,119.48
PPO_seed7,21,regen_recovery_fraction,0.98165,0.008970646576473758,0.9864,0.9671,0.991,0.9821
PPO_seed7,21,min_soc,0.453575,0.015904932411047845,0.4792,0.4499,0.4497,0.4355
PPO_seed7,21,final_soc,0.45404999999999995,0.015730305146436276,0.4795,0.4504,0.4499,0.4364
PPO_seed7,21,delta_soc,0.045950000000000005,0.01573030514643629,0.0205,0.0496,0.0501,0.0636
PPO_seed7,21,max_temperature_c,25.1625,0.08642193008721841,25.04,25.13,25.27,25.21
PPO_seed7,21,avg_temperature_c,25.072499999999998,0.049686517285879105,25.02,25.08,25.15,25.04
PPO_seed7,21,total_power_deficit_wh,0.0,0.0,0.0,0.0,0.0,0.0
PPO_seed7,21,safety_interventions,0.0,0.0,0.0,0.0,0.0,0.0
PPO_seed7,21,safety_intervention_rate,0.0,0.0,0.0,0.0,0.0,0.0
PPO_seed7,42,distance_km,15.708000000000002,5.014378276516442,10.418,16.696,12.275,23.443
PPO_seed7,42,mean_speed_kmh,56.824999999999996,20.905905266216052,27.4,78.7,74.3,46.9
PPO_seed7,42,discharge_energy_wh,2133.8999999999996,676.5188303365991,1066.86,2215.54,2310.4,2942.8
PPO_seed7,42,regen_energy_wh,110.0075,50.345201049851816,162.48,30.02,106.32,141.21
PPO_seed7,42,net_energy_wh,2023.895,692.2229107917478,904.39,2185.52,2204.08,2801.59
PPO_seed7,42,wh_per_km,129.1925,33.27469186559058,86.81,130.9,179.55,119.51
PPO_seed7,42,regen_recovery_fraction,0.9783,0.01479543848623621,0.9872,0.9658,0.9979,0.9623
PPO_seed7,42,min_soc,0.453525,0.015939161678080817,0.4792,0.4498,0.4497,0.4354
PPO_seed7,42,final_soc,0.45404999999999995,0.015730305146436276,0.4795,0.4504,0.4499,0.4364
PPO_seed7,42,delta_soc,0.045950000000000005,0.01573030514643629,0.0205,0.0496,0.0501,0.0636
PPO_seed7,42,max_temperature_c,25.1625,0.08642193008721841,25.04,25.13,25.27,25.21
PPO_seed7,42,avg_temperature_c,25.072499999999998,0.049686517285879105,25.02,25.08,25.15,25.04
PPO_seed7,42,total_power_deficit_wh,1.415,0.5522906843320826,1.37,0.64,1.45,2.2
PPO_seed7,42,safety_interventions,0.0,0.0,0.0,0.0,0.0,0.0
PPO_seed7,42,safety_intervention_rate,0.0,0.0,0.0,0.0,0.0,0.0
PPO_seed21,7,distance_km,15.708000000000002,5.014378276516442,10.418,16.696,12.275,23.443
PPO_seed21,7,mean_speed_kmh,56.824999999999996,20.905905266216052,27.4,78.7,74.3,46.9
PPO_seed21,7,discharge_energy_wh,2126.6625,668.5001114949421,1067.22,2213.57,2309.05,2916.81
PPO_seed21,7,regen_energy_wh,112.14750000000001,51.291692492546986,164.49,31.07,106.55,146.48
PPO_seed21,7,net_energy_wh,2014.5124999999998,683.8951246490575,902.74,2182.49,2202.49,2770.33
PPO_seed21,7,wh_per_km,128.745,33.37606814770128,86.66,130.72,179.43,118.17
PPO_seed21,7,regen_recovery_fraction,0.999325,0.0006832825184358355,0.9994,0.9997,1.0,0.9982
PPO_seed21,7,min_soc,0.453725,0.015735687941745676,0.4792,0.4499,0.4497,0.4361
PPO_seed21,7,final_soc,0.454275,0.015522624616990513,0.4795,0.4505,0.45,0.4371
PPO_seed21,7,delta_soc,0.045725,0.015522624616990516,0.0205,0.0495,0.05,0.0629
PPO_seed21,7,max_temperature_c,25.1625,0.08642193008721841,25.04,25.13,25.27,25.21
PPO_seed21,7,avg_temperature_c,25.072499999999998,0.049686517285879105,25.02,25.08,25.15,25.04
PPO_seed21,7,total_power_deficit_wh,8.6575,11.298401159013606,1.02,2.61,2.81,28.19
PPO_seed21,7,safety_interventions,0.0,0.0,0.0,0.0,0.0,0.0
PPO_seed21,7,safety_intervention_rate,0.0,0.0,0.0,0.0,0.0,0.0
PPO_seed21,21,distance_km,15.708000000000002,5.014378276516442,10.418,16.696,12.275,23.443
PPO_seed21,21,mean_speed_kmh,56.824999999999996,20.905905266216052,27.4,78.7,74.3,46.9
PPO_seed21,21,discharge_energy_wh,2135.3175,676.7463722242993,1068.24,2216.18,2311.85,2945.0
PPO_seed21,21,regen_energy_wh,110.5275,50.77496596503045,162.34,30.06,105.59,144.12
PPO_seed21,21,net_energy_wh,2024.7875000000001,691.594467132835,905.89,2186.12,2206.26,2800.88
PPO_seed21,21,wh_per_km,129.275,33.297699995645345,86.96,130.93,179.73,119.48
PPO_seed21,21,regen_recovery_fraction,0.98165,0.008970646576473758,0.9864,0.9671,0.991,0.9821
PPO_seed21,21,min_soc,0.453575,0.015904932411047845,0.4792,0.4499,0.4497,0.4355
PPO_seed21,21,final_soc,0.45404999999999995,0.015730305146436276,0.4795,0.4504,0.4499,0.4364
PPO_seed21,21,delta_soc,0.045950000000000005,0.01573030514643629,0.0205,0.0496,0.0501,0.0636
PPO_seed21,21,max_temperature_c,25.1625,0.08642193008721841,25.04,25.13,25.27,25.21
PPO_seed21,21,avg_temperature_c,25.072499999999998,0.049686517285879105,25.02,25.08,25.15,25.04
PPO_seed21,21,total_power_deficit_wh,0.0,0.0,0.0,0.0,0.0,0.0
PPO_seed21,21,safety_interventions,0.0,0.0,0.0,0.0,0.0,0.0
PPO_seed21,21,safety_intervention_rate,0.0,0.0,0.0,0.0,0.0,0.0
PPO_seed21,42,distance_km,15.708000000000002,5.014378276516442,10.418,16.696,12.275,23.443
PPO_seed21,42,mean_speed_kmh,56.824999999999996,20.905905266216052,27.4,78.7,74.3,46.9
PPO_seed21,42,discharge_energy_wh,2133.8999999999996,676.5188303365991,1066.86,2215.54,2310.4,2942.8
PPO_seed21,42,regen_energy_wh,110.0075,50.345201049851816,162.48,30.02,106.32,141.21
PPO_seed21,42,net_energy_wh,2023.895,692.2229107917478,904.39,2185.52,2204.08,2801.59
PPO_seed21,42,wh_per_km,129.1925,33.27469186559058,86.81,130.9,179.55,119.51
PPO_seed21,42,regen_recovery_fraction,0.9783,0.01479543848623621,0.9872,0.9658,0.9979,0.9623
PPO_seed21,42,min_soc,0.453525,0.015939161678080817,0.4792,0.4498,0.4497,0.4354
PPO_seed21,42,final_soc,0.45404999999999995,0.015730305146436276,0.4795,0.4504,0.4499,0.4364
PPO_seed21,42,delta_soc,0.045950000000000005,0.01573030514643629,0.0205,0.0496,0.0501,0.0636
PPO_seed21,42,max_temperature_c,25.1625,0.08642193008721841,25.04,25.13,25.27,25.21
PPO_seed21,42,avg_temperature_c,25.072499999999998,0.049686517285879105,25.02,25.08,25.15,25.04
PPO_seed21,42,total_power_deficit_wh,1.415,0.5522906843320826,1.37,0.64,1.45,2.2
PPO_seed21,42,safety_interventions,0.0,0.0,0.0,0.0,0.0,0.0
PPO_seed21,42,safety_intervention_rate,0.0,0.0,0.0,0.0,0.0,0.0
PPO_seed42,7,distance_km,15.708000000000002,5.014378276516442,10.418,16.696,12.275,23.443
PPO_seed42,7,mean_speed_kmh,56.824999999999996,20.905905266216052,27.4,78.7,74.3,46.9
PPO_seed42,7,discharge_energy_wh,2126.6625,668.5001114949421,1067.22,2213.57,2309.05,2916.81
PPO_seed42,7,regen_energy_wh,112.14750000000001,51.291692492546986,164.49,31.07,106.55,146.48
PPO_seed42,7,net_energy_wh,2014.5124999999998,683.8951246490575,902.74,2182.49,2202.49,2770.33
PPO_seed42,7,wh_per_km,128.745,33.37606814770128,86.66,130.72,179.43,118.17
PPO_seed42,7,regen_recovery_fraction,0.999325,0.0006832825184358355,0.9994,0.9997,1.0,0.9982
PPO_seed42,7,min_soc,0.453725,0.015735687941745676,0.4792,0.4499,0.4497,0.4361
PPO_seed42,7,final_soc,0.454275,0.015522624616990513,0.4795,0.4505,0.45,0.4371
PPO_seed42,7,delta_soc,0.045725,0.015522624616990516,0.0205,0.0495,0.05,0.0629
PPO_seed42,7,max_temperature_c,25.1625,0.08642193008721841,25.04,25.13,25.27,25.21
PPO_seed42,7,avg_temperature_c,25.072499999999998,0.049686517285879105,25.02,25.08,25.15,25.04
PPO_seed42,7,total_power_deficit_wh,8.6575,11.298401159013606,1.02,2.61,2.81,28.19
PPO_seed42,7,safety_interventions,0.0,0.0,0.0,0.0,0.0,0.0
PPO_seed42,7,safety_intervention_rate,0.0,0.0,0.0,0.0,0.0,0.0
PPO_seed42,21,distance_km,15.708000000000002,5.014378276516442,10.418,16.696,12.275,23.443
PPO_seed42,21,mean_speed_kmh,56.824999999999996,20.905905266216052,27.4,78.7,74.3,46.9
PPO_seed42,21,discharge_energy_wh,2135.3175,676.7463722242993,1068.24,2216.18,2311.85,2945.0
PPO_seed42,21,regen_energy_wh,110.5275,50.77496596503045,162.34,30.06,105.59,144.12
PPO_seed42,21,net_energy_wh,2024.7875000000001,691.594467132835,905.89,2186.12,2206.26,2800.88
PPO_seed42,21,wh_per_km,129.275,33.297699995645345,86.96,130.93,179.73,119.48
PPO_seed42,21,regen_recovery_fraction,0.98165,0.008970646576473758,0.9864,0.9671,0.991,0.9821
PPO_seed42,21,min_soc,0.453575,0.015904932411047845,0.4792,0.4499,0.4497,0.4355
PPO_seed42,21,final_soc,0.45404999999999995,0.015730305146436276,0.4795,0.4504,0.4499,0.4364
PPO_seed42,21,delta_soc,0.045950000000000005,0.01573030514643629,0.0205,0.0496,0.0501,0.0636
PPO_seed42,21,max_temperature_c,25.1625,0.08642193008721841,25.04,25.13,25.27,25.21
PPO_seed42,21,avg_temperature_c,25.072499999999998,0.049686517285879105,25.02,25.08,25.15,25.04
PPO_seed42,21,total_power_deficit_wh,0.0,0.0,0.0,0.0,0.0,0.0
PPO_seed42,21,safety_interventions,0.0,0.0,0.0,0.0,0.0,0.0
PPO_seed42,21,safety_intervention_rate,0.0,0.0,0.0,0.0,0.0,0.0
PPO_seed42,42,distance_km,15.708000000000002,5.014378276516442,10.418,16.696,12.275,23.443
PPO_seed42,42,mean_speed_kmh,56.824999999999996,20.905905266216052,27.4,78.7,74.3,46.9
PPO_seed42,42,discharge_energy_wh,2133.8999999999996,676.5188303365991,1066.86,2215.54,2310.4,2942.8
PPO_seed42,42,regen_energy_wh,110.0075,50.345201049851816,162.48,30.02,106.32,141.21
PPO_seed42,42,net_energy_wh,2023.895,692.2229107917478,904.39,2185.52,2204.08,2801.59
PPO_seed42,42,wh_per_km,129.1925,33.27469186559058,86.81,130.9,179.55,119.51
PPO_seed42,42,regen_recovery_fraction,0.9783,0.01479543848623621,0.9872,0.9658,0.9979,0.9623
PPO_seed42,42,min_soc,0.453525,0.015939161678080817,0.4792,0.4498,0.4497,0.4354
PPO_seed42,42,final_soc,0.45404999999999995,0.015730305146436276,0.4795,0.4504,0.4499,0.4364
PPO_seed42,42,delta_soc,0.045950000000000005,0.01573030514643629,0.0205,0.0496,0.0501,0.0636
PPO_seed42,42,max_temperature_c,25.1625,0.08642193008721841,25.04,25.13,25.27,25.21
PPO_seed42,42,avg_temperature_c,25.072499999999998,0.049686517285879105,25.02,25.08,25.15,25.04
PPO_seed42,42,total_power_deficit_wh,1.415,0.5522906843320826,1.37,0.64,1.45,2.2
PPO_seed42,42,safety_interventions,0.0,0.0,0.0,0.0,0.0,0.0
PPO_seed42,42,safety_intervention_rate,0.0,0.0,0.0,0.0,0.0,0.0
